SET CACHE_SIZE 33107;          
SET LOCK_MODE 3;               
;              
CREATE USER IF NOT EXISTS SA PASSWORD '' ADMIN;
CREATE CACHED TABLE PUBLIC.TEAMINTERN(
    TEAMID VARCHAR(255) NOT NULL,
    DESCRIPTION VARCHAR(255),
    GROUPCREATE VARCHAR(128000),
    GROUPMANAGE VARCHAR(128000),
    GROUPREAD VARCHAR(128000),
    NAME VARCHAR(255),
    USERCREATE VARCHAR(128000),
    USERMANAGE VARCHAR(128000),
    USERREAD VARCHAR(128000),
    VALIDFROM TIMESTAMP,
    VALIDTO TIMESTAMP,
    CHILDREN_AID_TEAMINTERN VARCHAR(255)
);       
ALTER TABLE PUBLIC.TEAMINTERN ADD CONSTRAINT PUBLIC.TEAMINTERN_PK PRIMARY KEY(TEAMID);         
-- 2 +/- SELECT COUNT(*) FROM PUBLIC.TEAMINTERN;               
INSERT INTO PUBLIC.TEAMINTERN(TEAMID, DESCRIPTION, GROUPCREATE, GROUPMANAGE, GROUPREAD, NAME, USERCREATE, USERMANAGE, USERREAD, VALIDFROM, VALIDTO, CHILDREN_AID_TEAMINTERN) VALUES
('root', NULL, NULL, NULL, NULL, 'root', NULL, NULL, NULL, NULL, NULL, NULL),
('root.cccc', 'ccccc', NULL, NULL, NULL, 'cccc', NULL, NULL, NULL, NULL, NULL, NULL);        
CREATE INDEX PUBLIC.INDEX_AID_TEAMINTERN_GROUPCREATE ON PUBLIC.TEAMINTERN(GROUPCREATE);        
CREATE INDEX PUBLIC.INDEX_AID_TEAMINTERN_USERMANAGE ON PUBLIC.TEAMINTERN(USERMANAGE);          
CREATE INDEX PUBLIC.INDEX_AID_TEAMINTERN_DESCRIPTION ON PUBLIC.TEAMINTERN(DESCRIPTION);        
CREATE INDEX PUBLIC.INDEX_AID_TEAMINTERN_GROUPMANAGE ON PUBLIC.TEAMINTERN(GROUPMANAGE);        
CREATE INDEX PUBLIC.INDEX_AID_TEAMINTERN_VALIDTO ON PUBLIC.TEAMINTERN(VALIDTO);
CREATE INDEX PUBLIC.INDEX_AID_TEAMINTERN_VALIDFROM ON PUBLIC.TEAMINTERN(VALIDFROM);            
CREATE INDEX PUBLIC.INDEX_AID_TEAMINTERN_NAME ON PUBLIC.TEAMINTERN(NAME);      
CREATE INDEX PUBLIC.INDEX_AID_TEAMINTERN_GROUPREAD ON PUBLIC.TEAMINTERN(GROUPREAD);            
CREATE INDEX PUBLIC.INDEX_AID_TEAMINTERN_USERCREATE ON PUBLIC.TEAMINTERN(USERCREATE);          
CREATE INDEX PUBLIC.INDEX_AID_TEAMINTERN_USERREAD ON PUBLIC.TEAMINTERN(USERREAD);              
CREATE CACHED TABLE PUBLIC.FAHRZEUGE(
    ID VARCHAR(255) NOT NULL,
    CREATED_AT TIMESTAMP,
    CREATED_BY VARCHAR(255),
    OWNER VARCHAR(255),
    UPDATED_AT TIMESTAMP,
    UPDATED_BY VARCHAR(255),
    ABSENKUNG VARCHAR(255),
    ANHAENGERKUPPLUNG VARCHAR(255),
    AUFFAHRRAMPE VARCHAR(255),
    ERSTZULASSUNG TIMESTAMP,
    FAHRGASTPLAETZE INTEGER,
    FAHRGESTELLNUMMER VARCHAR(255),
    FAHRZEUGTYP VARCHAR(255),
    FARBE VARCHAR(255),
    HEBEBUEHNE VARCHAR(255),
    HERSTELLER VARCHAR(255),
    HUBRAUM INTEGER,
    KENNZEICHEN VARCHAR(255),
    KLIMAANLAGE VARCHAR(255),
    LEISTUNG INTEGER,
    MODELL VARCHAR(255),
    PALETTENPLAETZE INTEGER,
    ROLLSTUHLPLAETZE INTEGER,
    SCHNEEKETTEN VARCHAR(255),
    SITZHEIZUNG VARCHAR(255),
    STABLEBELADUNG VARCHAR(255),
    STANDHEIZUNG VARCHAR(255),
    TREIBSTOFF VARCHAR(255),
    ZUORDNUNG VARCHAR(255)
);      
ALTER TABLE PUBLIC.FAHRZEUGE ADD CONSTRAINT PUBLIC.FAHRZEUGE_PK PRIMARY KEY(ID);               
-- 6 +/- SELECT COUNT(*) FROM PUBLIC.FAHRZEUGE;
INSERT INTO PUBLIC.FAHRZEUGE(ID, CREATED_AT, CREATED_BY, OWNER, UPDATED_AT, UPDATED_BY, ABSENKUNG, ANHAENGERKUPPLUNG, AUFFAHRRAMPE, ERSTZULASSUNG, FAHRGASTPLAETZE, FAHRGESTELLNUMMER, FAHRZEUGTYP, FARBE, HEBEBUEHNE, HERSTELLER, HUBRAUM, KENNZEICHEN, KLIMAANLAGE, LEISTUNG, MODELL, PALETTENPLAETZE, ROLLSTUHLPLAETZE, SCHNEEKETTEN, SITZHEIZUNG, STABLEBELADUNG, STANDHEIZUNG, TREIBSTOFF, ZUORDNUNG) VALUES
('402882853d6bd2c5013d6bd2c5ca0000', TIMESTAMP '2013-03-15 02:13:28.014', 'admin', 'admin', TIMESTAMP '2013-03-15 02:13:28.014', 'admin', 'Nein', 'Ja', 'Nein', TIMESTAMP '0002-05-28 00:00:00.0', 0, 'FDSFH6666444444', '1', STRINGDECODE('Gr\u00fcn'), 'Nein', '2', 3000, 'N-TP 80', 'Nein', 200, '525 i', 0, 0, 'Ja', 'Ja', 'Nein', 'Ja', 'B', 'Dienstfahrzeug'),
('402882853d6bd2c5013d6bd2c6780002', TIMESTAMP '2013-03-15 02:13:28.009', 'admin', 'admin', TIMESTAMP '2013-03-15 02:13:28.008', 'admin', 'Ja', 'Ja', 'Nein', TIMESTAMP '0010-06-27 00:00:00.0', 0, '', '1', '', 'Nein', '3', 0, 'N-XY 3366', 'Ja', 0, 'Vito 2,25 DTI', 0, 0, 'Nein', 'Ja', 'Nein', 'Ja', 'D', 'Dienstfahrzeug'),
('402882853d6bd2c5013d6bd2c6890003', TIMESTAMP '2013-03-15 02:13:28.016', 'admin', 'admin', TIMESTAMP '2013-03-15 02:13:28.016', 'admin', 'Nein', 'Ja', 'Nein', TIMESTAMP '1970-01-01 00:00:00.0', 0, '', '2', '', 'Nein', '2', 0, 'WUG-XX 120', 'Ja', 0, '3.0 CI', 0, 0, 'Ja', 'Ja', 'Nein', 'Ja', 'D', 'Dienstfahrzeug'),
('402882853d6bd2c5013d6bd2c69e0004', TIMESTAMP '2013-03-15 02:13:28.023', 'admin', 'admin', TIMESTAMP '2013-03-15 02:13:28.023', 'admin', 'Nein', 'Nein', 'Nein', TIMESTAMP '0010-04-01 00:00:00.0', 0, '', '2', '', 'Nein', '4', 1396, 'WUG-SZ 6111', 'Ja', 70, '1,4 TSI', 0, 0, 'Nein', 'Nein', 'Nein', 'Nein', 'E10', 'Dienstfahrzeug'),
('402882853d6bd2c5013d6bd2c6ac0005', TIMESTAMP '2013-03-15 02:13:28.021', 'admin', 'admin', TIMESTAMP '2013-03-15 02:13:28.021', 'admin', 'Nein', 'Nein', 'Nein', TIMESTAMP '0002-05-28 00:00:00.0', 4, '', '3', 'Schwarz', 'Nein', '1', 0, 'WUG-J 90', 'Ja', 120, 'A6 2,5 TDI', 0, 0, 'Nein', 'Ja', 'Nein', 'Nein', 'D', 'Dienstfahrzeug'),
('402882853d6bd2c5013d6bd2c66a0001', TIMESTAMP '2013-03-15 02:13:28.005', 'admin', 'admin', TIMESTAMP '2015-10-28 02:41:30.289', 'admin', 'Ja', 'Ja', 'Ja', TIMESTAMP '1970-01-01 00:00:00.0', 0, '', '1', '', 'Ja', '1', 0, 'WUG-J 123', 'Ja', 0, 'MS123', 0, 0, 'Ja', 'Ja', 'Ja', 'Ja', 'D', 'Dienstfahrzeug');
CREATE INDEX PUBLIC.INDEX_KFZPLAN_DATA_FAHRZEUGE_ZUORDNUNG ON PUBLIC.FAHRZEUGE(ZUORDNUNG);     
CREATE INDEX PUBLIC.INDEX_KFZPLAN_DATA_FAHRZEUGE_FAHRGASTPLAETZE ON PUBLIC.FAHRZEUGE(FAHRGASTPLAETZE);         
CREATE INDEX PUBLIC.INDEX_KFZPLAN_DATA_FAHRZEUGE_FARBE ON PUBLIC.FAHRZEUGE(FARBE);             
CREATE INDEX PUBLIC.INDEX_KFZPLAN_DATA_FAHRZEUGE_STANDHEIZUNG ON PUBLIC.FAHRZEUGE(STANDHEIZUNG);               
CREATE INDEX PUBLIC.INDEX_KFZPLAN_DATA_KFZPLAN_DATA_FAHRZEUGE__CREATED_BY ON PUBLIC.FAHRZEUGE(CREATED_BY);     
CREATE INDEX PUBLIC.INDEX_KFZPLAN_DATA_FAHRZEUGE_AUFFAHRRAMPE ON PUBLIC.FAHRZEUGE(AUFFAHRRAMPE);               
CREATE INDEX PUBLIC.INDEX_KFZPLAN_DATA_FAHRZEUGE_HERSTELLER ON PUBLIC.FAHRZEUGE(HERSTELLER);   
CREATE INDEX PUBLIC.INDEX_KFZPLAN_DATA_FAHRZEUGE_MODELL ON PUBLIC.FAHRZEUGE(MODELL);           
CREATE INDEX PUBLIC.INDEX_KFZPLAN_DATA_FAHRZEUGE_HUBRAUM ON PUBLIC.FAHRZEUGE(HUBRAUM);         
CREATE INDEX PUBLIC.INDEX_KFZPLAN_DATA_FAHRZEUGE_FAHRZEUGTYP ON PUBLIC.FAHRZEUGE(FAHRZEUGTYP); 
CREATE INDEX PUBLIC.INDEX_KFZPLAN_DATA_FAHRZEUGE_SCHNEEKETTEN ON PUBLIC.FAHRZEUGE(SCHNEEKETTEN);               
CREATE INDEX PUBLIC.INDEX_KFZPLAN_DATA_FAHRZEUGE_ROLLSTUHLPLAETZE ON PUBLIC.FAHRZEUGE(ROLLSTUHLPLAETZE);       
CREATE INDEX PUBLIC.INDEX_KFZPLAN_DATA_FAHRZEUGE_ABSENKUNG ON PUBLIC.FAHRZEUGE(ABSENKUNG);     
CREATE INDEX PUBLIC.INDEX_KFZPLAN_DATA_KFZPLAN_DATA_FAHRZEUGE__UPDATED_AT ON PUBLIC.FAHRZEUGE(UPDATED_AT);     
CREATE INDEX PUBLIC.INDEX_KFZPLAN_DATA_FAHRZEUGE_FAHRGESTELLNUMMER ON PUBLIC.FAHRZEUGE(FAHRGESTELLNUMMER);     
CREATE INDEX PUBLIC.INDEX_KFZPLAN_DATA_FAHRZEUGE_KENNZEICHEN ON PUBLIC.FAHRZEUGE(KENNZEICHEN); 
CREATE INDEX PUBLIC.INDEX_KFZPLAN_DATA_FAHRZEUGE_HEBEBUEHNE ON PUBLIC.FAHRZEUGE(HEBEBUEHNE);   
CREATE INDEX PUBLIC.INDEX_KFZPLAN_DATA_FAHRZEUGE_ANHAENGERKUPPLUNG ON PUBLIC.FAHRZEUGE(ANHAENGERKUPPLUNG);     
CREATE INDEX PUBLIC.INDEX_KFZPLAN_DATA_FAHRZEUGE_KLIMAANLAGE ON PUBLIC.FAHRZEUGE(KLIMAANLAGE); 
CREATE INDEX PUBLIC.INDEX_KFZPLAN_DATA_FAHRZEUGE_PALETTENPLAETZE ON PUBLIC.FAHRZEUGE(PALETTENPLAETZE);         
CREATE INDEX PUBLIC.INDEX_KFZPLAN_DATA_KFZPLAN_DATA_FAHRZEUGE__UPDATED_BY ON PUBLIC.FAHRZEUGE(UPDATED_BY);     
CREATE INDEX PUBLIC.INDEX_KFZPLAN_DATA_KFZPLAN_DATA_FAHRZEUGE__CREATED_AT ON PUBLIC.FAHRZEUGE(CREATED_AT);     
CREATE INDEX PUBLIC.INDEX_KFZPLAN_DATA_FAHRZEUGE_LEISTUNG ON PUBLIC.FAHRZEUGE(LEISTUNG);       
CREATE INDEX PUBLIC.INDEX_KFZPLAN_DATA_FAHRZEUGE_STABLEBELADUNG ON PUBLIC.FAHRZEUGE(STABLEBELADUNG);           
CREATE INDEX PUBLIC.INDEX_KFZPLAN_DATA_FAHRZEUGE_TREIBSTOFF ON PUBLIC.FAHRZEUGE(TREIBSTOFF);   
CREATE INDEX PUBLIC.INDEX_KFZPLAN_DATA_FAHRZEUGE_ERSTZULASSUNG ON PUBLIC.FAHRZEUGE(ERSTZULASSUNG);             
CREATE INDEX PUBLIC.INDEX_KFZPLAN_DATA_FAHRZEUGE_SITZHEIZUNG ON PUBLIC.FAHRZEUGE(SITZHEIZUNG); 
CREATE INDEX PUBLIC.INDEX_KFZPLAN_DATA_KFZPLAN_DATA_FAHRZEUGE__OWNER ON PUBLIC.FAHRZEUGE(OWNER);               
CREATE CACHED TABLE PUBLIC.FIRMA(
    ID VARCHAR(255) NOT NULL,
    CREATED_AT TIMESTAMP,
    CREATED_BY VARCHAR(255),
    OWNER VARCHAR(255),
    UPDATED_AT TIMESTAMP,
    UPDATED_BY VARCHAR(255),
    EMAIL VARCHAR(255),
    FAXNUMMER VARCHAR(255),
    FIRMA VARCHAR(255),
    ORT VARCHAR(255),
    PLZ VARCHAR(255),
    STRASSE VARCHAR(255),
    TELEFONNUMER VARCHAR(255)
);       
ALTER TABLE PUBLIC.FIRMA ADD CONSTRAINT PUBLIC.FIRMA_PK PRIMARY KEY(ID);       
-- 2 +/- SELECT COUNT(*) FROM PUBLIC.FIRMA;    
INSERT INTO PUBLIC.FIRMA(ID, CREATED_AT, CREATED_BY, OWNER, UPDATED_AT, UPDATED_BY, EMAIL, FAXNUMMER, FIRMA, ORT, PLZ, STRASSE, TELEFONNUMER) VALUES
('402882853d6bd2c5013d6bd9ecc90022', TIMESTAMP '2013-03-15 02:21:16.858', 'admin', 'admin', TIMESTAMP '2013-03-15 02:22:59.282', 'admin', 'info@softwareentwicklung-ex.de', '', NULL, 'Gunzenhausen', '91710', STRINGDECODE('Seifenstra\u00dfe 55'), NULL),
('402882853d6bd2c5013d6bd9ecd30023', TIMESTAMP '2013-03-15 02:21:16.859', 'admin', 'admin', TIMESTAMP '2013-03-15 02:23:33.383', 'admin', 'Firma@mueller-stahl.de', '0911/123988', NULL, STRINGDECODE('N\u00fcrnberg'), '90441', 'Eisenweg 14', NULL);        
CREATE INDEX PUBLIC.INDEX_KFZPLAN_DATA_KFZPLAN_DATA_FIRMA__CREATED_BY ON PUBLIC.FIRMA(CREATED_BY);             
CREATE INDEX PUBLIC.INDEX_KFZPLAN_DATA_KFZPLAN_DATA_FIRMA__UPDATED_BY ON PUBLIC.FIRMA(UPDATED_BY);             
CREATE INDEX PUBLIC.INDEX_KFZPLAN_DATA_FIRMA_ORT ON PUBLIC.FIRMA(ORT);         
CREATE INDEX PUBLIC.INDEX_KFZPLAN_DATA_FIRMA_STRASSE ON PUBLIC.FIRMA(STRASSE); 
CREATE INDEX PUBLIC.INDEX_KFZPLAN_DATA_FIRMA_TELEFONNUMER ON PUBLIC.FIRMA(TELEFONNUMER);       
CREATE INDEX PUBLIC.INDEX_KFZPLAN_DATA_FIRMA_EMAIL ON PUBLIC.FIRMA(EMAIL);     
CREATE INDEX PUBLIC.INDEX_KFZPLAN_DATA_KFZPLAN_DATA_FIRMA__CREATED_AT ON PUBLIC.FIRMA(CREATED_AT);             
CREATE INDEX PUBLIC.INDEX_KFZPLAN_DATA_KFZPLAN_DATA_FIRMA__UPDATED_AT ON PUBLIC.FIRMA(UPDATED_AT);             
CREATE INDEX PUBLIC.INDEX_KFZPLAN_DATA_FIRMA_PLZ ON PUBLIC.FIRMA(PLZ);         
CREATE INDEX PUBLIC.INDEX_KFZPLAN_DATA_KFZPLAN_DATA_FIRMA__OWNER ON PUBLIC.FIRMA(OWNER);       
CREATE INDEX PUBLIC.INDEX_KFZPLAN_DATA_FIRMA_FIRMA ON PUBLIC.FIRMA(FIRMA);     
CREATE INDEX PUBLIC.INDEX_KFZPLAN_DATA_FIRMA_FAXNUMMER ON PUBLIC.FIRMA(FAXNUMMER);             
CREATE CACHED TABLE PUBLIC.FAHRER(
    ID VARCHAR(255) NOT NULL,
    CREATED_AT TIMESTAMP,
    CREATED_BY VARCHAR(255),
    OWNER VARCHAR(255),
    UPDATED_AT TIMESTAMP,
    UPDATED_BY VARCHAR(255),
    EMAIL VARCHAR(255),
    FIRMA_ID_OID VARCHAR(255),
    GEBURTSDATUM TIMESTAMP,
    GESCHLECHT VARCHAR(255),
    NAME VARCHAR(255),
    TELEFONNUMMER VARCHAR(255),
    VORNAME VARCHAR(255),
    STATE VARCHAR(255),
    DUP_REFID VARCHAR(255)
);  
ALTER TABLE PUBLIC.FAHRER ADD CONSTRAINT PUBLIC.FAHRER_PK PRIMARY KEY(ID);     
-- 9 +/- SELECT COUNT(*) FROM PUBLIC.FAHRER;   
INSERT INTO PUBLIC.FAHRER(ID, CREATED_AT, CREATED_BY, OWNER, UPDATED_AT, UPDATED_BY, EMAIL, FIRMA_ID_OID, GEBURTSDATUM, GESCHLECHT, NAME, TELEFONNUMMER, VORNAME, STATE, DUP_REFID) VALUES
('402882853d6bd2c5013d6bd61d440006', TIMESTAMP '2013-03-15 02:17:07.059', 'admin', 'admin', TIMESTAMP '2013-03-15 02:17:07.059', 'admin', '', NULL, TIMESTAMP '0056-10-02 00:00:00.0', STRINGDECODE('M\u00e4nnlich'), 'Sattler', '', 'Melanie', NULL, NULL),
('402882853d6bd2c5013d6bd61dca000a', TIMESTAMP '2013-03-15 02:17:07.09', 'admin', 'admin', TIMESTAMP '2013-03-15 02:17:07.09', 'admin', '', NULL, TIMESTAMP '0090-06-14 00:00:00.0', 'Weiblich', 'Eisen', '', 'Marianne', NULL, NULL),
('402882853d6bd2c5013d6bd61e35000e', TIMESTAMP '2013-03-15 02:17:07.086', 'admin', 'admin', TIMESTAMP '2013-03-15 02:17:07.085', 'admin', '', NULL, TIMESTAMP '0089-06-14 00:00:00.0', STRINGDECODE('M\u00e4nnlich'), 'Stein', '', 'Dieter', NULL, NULL),
('402882853d6bd2c5013d6bd61d6a0007', TIMESTAMP '2013-03-15 02:17:07.084', 'admin', 'admin', TIMESTAMP '2013-03-18 14:03:36.138', 'admin', 'jro@tpso.com', NULL, TIMESTAMP '1975-03-18 23:00:00.0', 'Weiblich', 'Hinterhuber', '0177 253134', 'Maria', NULL, NULL),
('402882853d6bd2c5013d6bd61e1f000d', TIMESTAMP '2013-03-15 02:17:07.062', 'admin', 'admin', TIMESTAMP '2013-03-18 14:04:04.921', 'admin', 'jro@tpso.com', NULL, TIMESTAMP '1956-09-29 22:00:00.0', STRINGDECODE('M\u00e4nnlich'), 'Sattler', '123456', 'Christian', NULL, NULL),
('402882853d6bd2c5013d6bd61dea000b', TIMESTAMP '2013-03-15 02:17:07.063', 'admin', 'admin', TIMESTAMP '2013-03-18 14:04:14.548', 'admin', 'jro@tpso.com', NULL, TIMESTAMP '1956-09-29 22:00:00.0', STRINGDECODE('M\u00e4nnlich'), 'Sattler', 'qqww', 'Manfred', NULL, NULL),
('402882853d6bd2c5013d6bd61dab0009', TIMESTAMP '2013-03-15 02:17:07.076', 'admin', 'admin', TIMESTAMP '2014-09-08 06:24:15.998', 'admin', 'SonjaZ@1und1.de', '402882853d6bd2c5013d6bd9ecd30023', TIMESTAMP '0061-11-06 00:00:00.0', 'Weiblich', 'Zastafa', '08965989898', 'Sonja', NULL, NULL),
('402882853d6bd2c5013d6bd61e08000c', TIMESTAMP '2013-03-15 02:17:07.075', 'admin', 'admin', TIMESTAMP '2014-09-10 04:18:11.849', 'admin', 'jro@tpso.com', NULL, TIMESTAMP '1960-05-20 00:00:00.0', STRINGDECODE('M\u00e4nnlich'), 'Meier', '0911/123456', 'Herbert', NULL, NULL),
('402882853d6bd2c5013d6bd61d890008', TIMESTAMP '2013-03-15 02:17:07.098', 'admin', 'admin', TIMESTAMP '2015-03-06 16:33:15.594', 'admin', 'jro@tpso.com', NULL, TIMESTAMP '2012-06-16 00:00:00.0', STRINGDECODE('M\u00e4nnlich'), 'Keine Buchungsvor.', '', 'Nichts', NULL, NULL); 
CREATE INDEX PUBLIC.FAHRER_N49 ON PUBLIC.FAHRER(FIRMA_ID_OID); 
CREATE INDEX PUBLIC.INDEX_KFZPLAN_DATA_KFZPLAN_DATA_FAHRER__OWNER ON PUBLIC.FAHRER(OWNER);     
CREATE INDEX PUBLIC.INDEX_KFZPLAN_DATA_KFZPLAN_DATA_FAHRER__CREATED_BY ON PUBLIC.FAHRER(CREATED_BY);           
CREATE INDEX PUBLIC.INDEX_KFZPLAN_DATA_KFZPLAN_DATA_FAHRER__CREATED_AT ON PUBLIC.FAHRER(CREATED_AT);           
CREATE INDEX PUBLIC.INDEX_KFZPLAN_DATA_FAHRER_EMAIL ON PUBLIC.FAHRER(EMAIL);   
CREATE INDEX PUBLIC.INDEX_KFZPLAN_DATA_FAHRER_GEBURTSDATUM ON PUBLIC.FAHRER(GEBURTSDATUM);     
CREATE INDEX PUBLIC.INDEX_KFZPLAN_DATA_FAHRER_NAME ON PUBLIC.FAHRER(NAME);     
CREATE INDEX PUBLIC.INDEX_KFZPLAN_DATA_FAHRER_TELEFONNUMMER ON PUBLIC.FAHRER(TELEFONNUMMER);   
CREATE INDEX PUBLIC.INDEX_KFZPLAN_DATA_KFZPLAN_DATA_FAHRER__UPDATED_AT ON PUBLIC.FAHRER(UPDATED_AT);           
CREATE INDEX PUBLIC.INDEX_KFZPLAN_DATA_FAHRER_VORNAME ON PUBLIC.FAHRER(VORNAME);               
CREATE INDEX PUBLIC.INDEX_KFZPLAN_DATA_KFZPLAN_DATA_FAHRER__UPDATED_BY ON PUBLIC.FAHRER(UPDATED_BY);           
CREATE INDEX PUBLIC.INDEX_KFZPLAN_DATA_FAHRER_GESCHLECHT ON PUBLIC.FAHRER(GESCHLECHT);         
CREATE INDEX PUBLIC.INDEX_KFZPLAN_DATA_KFZPLAN_DATA_FAHRER__DUP_REFID ON PUBLIC.FAHRER(DUP_REFID);             
CREATE INDEX PUBLIC.INDEX_KFZPLAN_DATA_KFZPLAN_DATA_FAHRER__STATE ON PUBLIC.FAHRER(STATE);     
CREATE CACHED TABLE PUBLIC.BUCHUNGSVORAUSSETZUNGEN(
    ID VARCHAR(255) NOT NULL,
    CREATED_AT TIMESTAMP,
    CREATED_BY VARCHAR(255),
    OWNER VARCHAR(255),
    UPDATED_AT TIMESTAMP,
    UPDATED_BY VARCHAR(255),
    BESCHREIBUNG VARCHAR(255),
    SCHLUESSEL VARCHAR(255)
);          
ALTER TABLE PUBLIC.BUCHUNGSVORAUSSETZUNGEN ADD CONSTRAINT PUBLIC.BUCHUNGSVORAUSSETZUNGEN_PK PRIMARY KEY(ID);   
-- 19 +/- SELECT COUNT(*) FROM PUBLIC.BUCHUNGSVORAUSSETZUNGEN; 
INSERT INTO PUBLIC.BUCHUNGSVORAUSSETZUNGEN(ID, CREATED_AT, CREATED_BY, OWNER, UPDATED_AT, UPDATED_BY, BESCHREIBUNG, SCHLUESSEL) VALUES
('402882853d6bd2c5013d6bd896c70010', TIMESTAMP '2013-03-15 02:19:49.228', 'admin', 'admin', TIMESTAMP '2013-03-15 02:19:49.228', 'admin', STRINGDECODE('F\u00fchrerscheinklasse A'), ''),
('402882853d6bd2c5013d6bd896e90012', TIMESTAMP '2013-03-15 02:19:49.227', 'admin', 'admin', TIMESTAMP '2013-03-15 02:19:49.227', 'admin', 'Einweisung auf PKW', ''),
('402882853d6bd2c5013d6bd896fa0013', TIMESTAMP '2013-03-15 02:19:49.268', 'admin', 'admin', TIMESTAMP '2013-03-15 02:19:49.268', 'admin', STRINGDECODE('F\u00fchrerscheinklasse T'), ''),
('402882853d6bd2c5013d6bd8970e0014', TIMESTAMP '2013-03-15 02:19:49.238', 'admin', 'admin', TIMESTAMP '2013-03-15 02:19:49.238', 'admin', STRINGDECODE('F\u00fchrerscheinklasse BE'), ''),
('402882853d6bd2c5013d6bd8971a0015', TIMESTAMP '2013-03-15 02:19:49.239', 'admin', 'admin', TIMESTAMP '2013-03-15 02:19:49.24', 'admin', STRINGDECODE('F\u00fchrerscheinklasse C'), ''),
('402882853d6bd2c5013d6bd8977c001a', TIMESTAMP '2013-03-15 02:19:49.253', 'admin', 'admin', TIMESTAMP '2013-03-15 02:19:49.253', 'admin', STRINGDECODE('F\u00fchrerscheinklasse D1E'), ''),
('402882853d6bd2c5013d6bd8979e001b', TIMESTAMP '2013-03-15 02:19:49.229', 'admin', 'admin', TIMESTAMP '2013-03-15 02:19:49.229', 'admin', STRINGDECODE('F\u00fchrerscheinklasse A1'), ''),
('402882853d6bd2c5013d6bd897ee001e', TIMESTAMP '2013-03-15 02:19:49.217', 'admin', 'admin', TIMESTAMP '2013-03-15 02:19:49.223', 'admin', 'Einweisung auf Motorad', ''),
('402882853d6bd2c5013d6bd897fb001f', TIMESTAMP '2013-03-15 02:19:49.248', 'admin', 'admin', TIMESTAMP '2013-03-15 02:19:49.248', 'admin', STRINGDECODE('F\u00fchrerscheinklasse C1E'), ''),
('402882853d6bd2c5013d6bd898060020', TIMESTAMP '2013-03-15 02:19:49.249', 'admin', 'admin', TIMESTAMP '2013-03-15 02:19:49.25', 'admin', STRINGDECODE('F\u00fchrerscheinklasse CE'), ''),
('402882853d6bd2c5013d6bd897300016', TIMESTAMP '2013-03-15 02:19:49.257', 'admin', 'admin', TIMESTAMP '2013-03-15 02:25:54.115', 'admin', STRINGDECODE('F\u00fchrerscheinklasse DE'), ''),
('402882853d6bd2c5013d6bd897480017', TIMESTAMP '2013-03-15 02:19:49.216', 'admin', 'admin', TIMESTAMP '2013-03-15 02:26:29.721', 'admin', 'Einweisung auf LKW', ''),
('402882853d6bd2c5013d6bd896b1000f', TIMESTAMP '2013-03-15 02:19:49.214', 'admin', 'admin', TIMESTAMP '2013-03-15 02:26:55.842', 'admin', 'Einweisung auf Bus', ''),
('402882853d6bd2c5013d6bd8975b0018', TIMESTAMP '2013-03-15 02:19:49.25', 'admin', 'admin', TIMESTAMP '2013-03-15 02:27:33.816', 'admin', STRINGDECODE('F\u00fchrerscheinklasse D'), ''),
('402882853d6bd2c5013d6bd897670019', TIMESTAMP '2013-03-15 02:19:49.247', 'admin', 'admin', TIMESTAMP '2013-03-15 02:28:03.882', 'admin', STRINGDECODE('F\u00fchrerscheinklasse C1'), ''),
('402882853d6bd2c5013d6bd897d1001d', TIMESTAMP '2013-03-15 02:19:49.252', 'admin', 'admin', TIMESTAMP '2013-03-15 02:30:51.675', 'admin', STRINGDECODE('F\u00fchrerscheinklasse D1'), ''),
('402882853d6bd2c5013d6bd897b8001c', TIMESTAMP '2013-03-15 02:19:49.267', 'admin', 'admin', TIMESTAMP '2013-03-15 02:34:19.784', 'admin', STRINGDECODE('F\u00fchrerscheinklasse M'), ''),
('402882853d6bd2c5013d6bd896d90011', TIMESTAMP '2013-03-15 02:19:49.274', 'admin', 'admin', TIMESTAMP '2013-03-15 02:34:47.939', 'admin', STRINGDECODE('Personenbef\u00f6rderungsschein'), ''),
('402882853d6bd2c5013d6bd898100021', TIMESTAMP '2013-03-15 02:19:49.237', 'admin', 'admin', TIMESTAMP '2013-03-15 02:36:10.015', 'admin', STRINGDECODE('F\u00fchrerscheinklasse B'), '');              
CREATE INDEX PUBLIC.INDEX_KFZPLAN_DATA_KFZPLAN_DATA_BUCHUNGSVORAUSSETZUNGEN__UPDATED_BY ON PUBLIC.BUCHUNGSVORAUSSETZUNGEN(UPDATED_BY);         
CREATE INDEX PUBLIC.INDEX_KFZPLAN_DATA_BUCHUNGSVORAUSSETZUNGEN_SCHLUESSEL ON PUBLIC.BUCHUNGSVORAUSSETZUNGEN(SCHLUESSEL);       
CREATE INDEX PUBLIC.INDEX_KFZPLAN_DATA_KFZPLAN_DATA_BUCHUNGSVORAUSSETZUNGEN__CREATED_BY ON PUBLIC.BUCHUNGSVORAUSSETZUNGEN(CREATED_BY);         
CREATE INDEX PUBLIC.INDEX_KFZPLAN_DATA_KFZPLAN_DATA_BUCHUNGSVORAUSSETZUNGEN__CREATED_AT ON PUBLIC.BUCHUNGSVORAUSSETZUNGEN(CREATED_AT);         
CREATE INDEX PUBLIC.INDEX_KFZPLAN_DATA_KFZPLAN_DATA_BUCHUNGSVORAUSSETZUNGEN__UPDATED_AT ON PUBLIC.BUCHUNGSVORAUSSETZUNGEN(UPDATED_AT);         
CREATE INDEX PUBLIC.INDEX_KFZPLAN_DATA_KFZPLAN_DATA_BUCHUNGSVORAUSSETZUNGEN__OWNER ON PUBLIC.BUCHUNGSVORAUSSETZUNGEN(OWNER);   
CREATE INDEX PUBLIC.INDEX_KFZPLAN_DATA_BUCHUNGSVORAUSSETZUNGEN_BESCHREIBUNG ON PUBLIC.BUCHUNGSVORAUSSETZUNGEN(BESCHREIBUNG);   
CREATE CACHED TABLE PUBLIC.FAHRER__TEAM_LIST(
    FAHRER__TEAM_LIST VARCHAR(255) NOT NULL,
    TEAM VARCHAR(255) NOT NULL
);   
ALTER TABLE PUBLIC.FAHRER__TEAM_LIST ADD CONSTRAINT PUBLIC.FAHRER__TEAM_LIST_PK PRIMARY KEY(FAHRER__TEAM_LIST, TEAM);          
-- 0 +/- SELECT COUNT(*) FROM PUBLIC.FAHRER__TEAM_LIST;        
CREATE INDEX PUBLIC.FAHRER__TEAM_LIST_N49 ON PUBLIC.FAHRER__TEAM_LIST(FAHRER__TEAM_LIST);      
CREATE INDEX PUBLIC.FAHRER__TEAM_LIST_N50 ON PUBLIC.FAHRER__TEAM_LIST(TEAM);   
CREATE CACHED TABLE PUBLIC.BUCHUNGEN(
    ID VARCHAR(255) NOT NULL,
    CREATED_AT TIMESTAMP,
    CREATED_BY VARCHAR(255),
    OWNER VARCHAR(255),
    UPDATED_AT TIMESTAMP,
    UPDATED_BY VARCHAR(255),
    BISDATUM TIMESTAMP,
    FAHRER_ID_OID VARCHAR(255),
    FAHRZEUGE_ID_OID VARCHAR(255),
    VONDATUM TIMESTAMP
); 
ALTER TABLE PUBLIC.BUCHUNGEN ADD CONSTRAINT PUBLIC.BUCHUNGEN_PK PRIMARY KEY(ID);               
-- 29 +/- SELECT COUNT(*) FROM PUBLIC.BUCHUNGEN;               
INSERT INTO PUBLIC.BUCHUNGEN(ID, CREATED_AT, CREATED_BY, OWNER, UPDATED_AT, UPDATED_BY, BISDATUM, FAHRER_ID_OID, FAHRZEUGE_ID_OID, VONDATUM) VALUES
('402882853d6cbefd013d6cbefd460000', NULL, NULL, NULL, NULL, NULL, TIMESTAMP '2013-03-21 05:30:37.0', '402882853d6bd2c5013d6bd61dea000b', '402882853d6bd2c5013d6bd2c6ac0005', TIMESTAMP '2013-03-15 05:30:37.0'),
('2c9180d0484e465101484e72688a0001', NULL, NULL, NULL, NULL, NULL, TIMESTAMP '2014-09-09 08:36:27.0', '402882853d6bd2c5013d6bd61dea000b', '402882853d6bd2c5013d6bd2c6780002', TIMESTAMP '2014-09-07 05:36:27.0'),
('2c9180d0485048c201485048c2aa0000', NULL, NULL, NULL, NULL, NULL, TIMESTAMP '2014-09-07 18:22:46.0', '402882853d6bd2c5013d6bd61dab0009', '402882853d6bd2c5013d6bd2c6890003', TIMESTAMP '2014-09-07 15:22:46.0'),
('2c9180d0485048c201485134314e0001', NULL, NULL, NULL, NULL, NULL, TIMESTAMP '2014-09-07 21:39:09.0', '402882853d6bd2c5013d6bd61dea000b', '402882853d6bd2c5013d6bd2c5ca0000', TIMESTAMP '2014-09-07 19:39:09.0'),
('2c9180d0484e465101484e4651170000', NULL, NULL, NULL, TIMESTAMP '2014-09-08 04:34:16.449', 'admin', TIMESTAMP '2014-09-10 10:00:51.0', '402882853d6bd2c5013d6bd61dea000b', '402882853d6bd2c5013d6bd2c6780002', TIMESTAMP '2014-09-07 10:00:51.0'),
('2c9180d0485394ed01485394edda0000', NULL, NULL, NULL, NULL, NULL, TIMESTAMP '2014-09-08 06:44:28.0', '402882853d6bd2c5013d6bd61e35000e', '402882853d6bd2c5013d6bd2c66a0001', TIMESTAMP '2014-09-08 06:44:28.0'),
('2c9180d04853ef7d014853ef7d180000', NULL, NULL, NULL, NULL, NULL, TIMESTAMP '2014-09-08 06:46:57.0', '402882853d6bd2c5013d6bd61dab0009', '402882853d6bd2c5013d6bd2c6ac0005', TIMESTAMP '2014-09-08 06:46:57.0'),
('2c91808e4896ac92014896ac927b0000', NULL, NULL, NULL, NULL, NULL, TIMESTAMP '2014-09-21 07:25:35.0', '402882853d6bd2c5013d6bd61dea000b', '402882853d6bd2c5013d6bd2c6ac0005', TIMESTAMP '2014-09-21 07:25:35.0'),
('2c91808e4896ac92014896ad57190001', NULL, NULL, NULL, NULL, NULL, TIMESTAMP '2014-09-21 07:26:32.0', '402882853d6bd2c5013d6bd61dea000b', '402882853d6bd2c5013d6bd2c6ac0005', TIMESTAMP '2014-09-21 07:26:32.0'),
('2c91808e4896ac9201489913bef20003', NULL, NULL, NULL, NULL, NULL, TIMESTAMP '2014-09-21 18:37:34.0', '402882853d6bd2c5013d6bd61dea000b', '402882853d6bd2c5013d6bd2c6ac0005', TIMESTAMP '2014-09-21 18:37:34.0'),
('2c91808e4896ac9201489a0629fd0004', NULL, NULL, NULL, NULL, NULL, TIMESTAMP '2014-09-10 03:16:28.0', '402882853d6bd2c5013d6bd61dea000b', '402882853d6bd2c5013d6bd2c6ac0005', TIMESTAMP '2014-09-10 03:16:28.0'),
('2c91808d4ec88b1a014ec8c6cd320005', NULL, NULL, NULL, NULL, NULL, TIMESTAMP '2015-07-23 00:00:00.0', '402882853d6bd2c5013d6bd61dea000b', '402882853d6bd2c5013d6bd2c6890003', TIMESTAMP '2015-07-11 00:00:00.0'),
('2c91808d4eca33cb014eca33cba50000', NULL, NULL, NULL, NULL, NULL, TIMESTAMP '2015-07-18 00:00:00.0', '402882853d6bd2c5013d6bd61dea000b', '402882853d6bd2c5013d6bd2c5ca0000', TIMESTAMP '2015-07-11 00:00:00.0'),
('2c91808d4eca55b2014eca55b2c00000', NULL, NULL, NULL, NULL, NULL, TIMESTAMP '2015-07-31 05:05:00.0', '402882853d6bd2c5013d6bd61dea000b', '402882853d6bd2c5013d6bd2c6890003', TIMESTAMP '2015-07-30 04:01:00.0'),
('2c91808d4eca55b2014ecaf2e24a0001', NULL, NULL, NULL, NULL, NULL, TIMESTAMP '2015-07-31 22:02:00.0', '402882853d6bd2c5013d6bd61dea000b', '402882853d6bd2c5013d6bd2c6ac0005', TIMESTAMP '2015-07-30 01:01:00.0'),
('2c91808d5037330e015037330e810000', NULL, NULL, NULL, NULL, NULL, TIMESTAMP '2015-10-05 10:51:29.0', '402882853d6bd2c5013d6bd61dea000b', '402882853d6bd2c5013d6bd2c6ac0005', TIMESTAMP '2015-10-05 10:51:28.0'),
('2c91808d5037330e01503737c57d0001', NULL, NULL, NULL, NULL, NULL, TIMESTAMP '2015-10-05 10:56:38.0', '402882853d6bd2c5013d6bd61dea000b', '402882853d6bd2c5013d6bd2c6ac0005', TIMESTAMP '2015-10-05 10:56:38.0'),
('2c91808d5056b959015056b959990000', NULL, NULL, NULL, NULL, NULL, TIMESTAMP '2015-10-16 11:11:00.0', '402882853d6bd2c5013d6bd61dea000b', '402882853d6bd2c5013d6bd2c5ca0000', TIMESTAMP '2015-10-17 11:11:00.0'),
('2c91808d5056b95901505735a7fc0001', NULL, NULL, NULL, NULL, NULL, TIMESTAMP '2015-10-22 11:01:00.0', '402882853d6bd2c5013d6bd61dea000b', '402882853d6bd2c5013d6bd2c5ca0000', TIMESTAMP '2015-10-17 11:01:00.0');    
INSERT INTO PUBLIC.BUCHUNGEN(ID, CREATED_AT, CREATED_BY, OWNER, UPDATED_AT, UPDATED_BY, BISDATUM, FAHRER_ID_OID, FAHRZEUGE_ID_OID, VONDATUM) VALUES
('2c91808d505a0ecf01505a1f94900002', NULL, NULL, NULL, NULL, NULL, TIMESTAMP '2015-10-12 05:36:59.0', '402882853d6bd2c5013d6bd61dea000b', '402882853d6bd2c5013d6bd2c6ac0005', TIMESTAMP '2015-10-12 05:36:59.0'),
('2c91808d505a0ecf01505ac366f80003', NULL, NULL, NULL, NULL, NULL, TIMESTAMP '2015-10-12 08:35:45.0', '402882853d6bd2c5013d6bd61dea000b', '402882853d6bd2c5013d6bd2c6890003', TIMESTAMP '2015-10-12 08:35:45.0'),
('2c91808d505a0ecf01505ac5fcd50004', NULL, NULL, NULL, NULL, NULL, TIMESTAMP '2015-10-12 08:38:41.0', '402882853d6bd2c5013d6bd61dea000b', '402882853d6bd2c5013d6bd2c6890003', TIMESTAMP '2015-10-12 08:38:41.0'),
('2c91808d505cbb1201505cbb12010000', NULL, NULL, NULL, NULL, NULL, TIMESTAMP '2015-10-12 17:46:07.0', '402882853d6bd2c5013d6bd61dea000b', '402882853d6bd2c5013d6bd2c6890003', TIMESTAMP '2015-10-12 17:46:07.0'),
('2c91808d505cbb1201505eb4188b0001', NULL, NULL, NULL, NULL, NULL, TIMESTAMP '2015-10-13 02:57:45.0', '402882853d6bd2c5013d6bd61dea000b', '402882853d6bd2c5013d6bd2c6ac0005', TIMESTAMP '2015-10-13 02:57:45.0'),
('2c91808d505f2b8401505f2b84e30000', NULL, NULL, NULL, NULL, NULL, TIMESTAMP '2015-10-13 05:08:04.0', '402882853d6bd2c5013d6bd61dea000b', '402882853d6bd2c5013d6bd2c6ac0005', TIMESTAMP '2015-10-13 05:08:04.0'),
('2c91808d505f337c01505f337c530000', NULL, NULL, NULL, NULL, NULL, TIMESTAMP '2015-10-13 05:16:48.0', '402882853d6bd2c5013d6bd61dea000b', '402882853d6bd2c5013d6bd2c6780002', TIMESTAMP '2015-10-13 05:16:48.0'),
('2c91808d505f62dd01505f62dd490000', NULL, NULL, NULL, NULL, NULL, TIMESTAMP '2015-10-13 06:08:38.0', '402882853d6bd2c5013d6bd61dea000b', '402882853d6bd2c5013d6bd2c6ac0005', TIMESTAMP '2015-10-13 06:08:38.0'),
('2c91808d5061a92c015061a92c320000', NULL, NULL, NULL, NULL, NULL, TIMESTAMP '2015-10-13 16:44:31.0', '402882853d6bd2c5013d6bd61dea000b', '402882853d6bd2c5013d6bd2c5ca0000', TIMESTAMP '2015-10-13 16:44:31.0'),
('2c91808d5061a92c0150628afae60001', NULL, NULL, NULL, NULL, NULL, TIMESTAMP '2015-10-25 11:01:00.0', '402882853d6bd2c5013d6bd61dea000b', '402882853d6bd2c5013d6bd2c6890003', TIMESTAMP '2015-10-23 11:11:00.0');        
CREATE INDEX PUBLIC.INDEX_KFZPLAN_DATA_KFZPLAN_DATA_BUCHUNGEN__CREATED_BY ON PUBLIC.BUCHUNGEN(CREATED_BY);     
CREATE INDEX PUBLIC.INDEX_KFZPLAN_DATA_KFZPLAN_DATA_BUCHUNGEN__UPDATED_AT ON PUBLIC.BUCHUNGEN(UPDATED_AT);     
CREATE INDEX PUBLIC.BUCHUNGEN_N49 ON PUBLIC.BUCHUNGEN(FAHRZEUGE_ID_OID);       
CREATE INDEX PUBLIC.INDEX_KFZPLAN_DATA_BUCHUNGEN_VONDATUM ON PUBLIC.BUCHUNGEN(VONDATUM);       
CREATE INDEX PUBLIC.INDEX_KFZPLAN_DATA_KFZPLAN_DATA_BUCHUNGEN__OWNER ON PUBLIC.BUCHUNGEN(OWNER);               
CREATE INDEX PUBLIC.INDEX_KFZPLAN_DATA_KFZPLAN_DATA_BUCHUNGEN__CREATED_AT ON PUBLIC.BUCHUNGEN(CREATED_AT);     
CREATE INDEX PUBLIC.INDEX_KFZPLAN_DATA_BUCHUNGEN_BISDATUM ON PUBLIC.BUCHUNGEN(BISDATUM);       
CREATE INDEX PUBLIC.INDEX_KFZPLAN_DATA_KFZPLAN_DATA_BUCHUNGEN__UPDATED_BY ON PUBLIC.BUCHUNGEN(UPDATED_BY);     
CREATE INDEX PUBLIC.BUCHUNGEN_N50 ON PUBLIC.BUCHUNGEN(FAHRER_ID_OID);          
CREATE CACHED TABLE PUBLIC.FAHRZEUGE_BUCHUNGSVORAUSSETZUNGEN_LIST_BUCHUNGSVORAUSSETZUNGEN_FAHRZEUGE_LIST(
    BUCHUNGSVORAUSSETZUNGEN_LIST_ID VARCHAR(255) NOT NULL,
    FAHRZEUGE_LIST_ID VARCHAR(255) NOT NULL
);            
ALTER TABLE PUBLIC.FAHRZEUGE_BUCHUNGSVORAUSSETZUNGEN_LIST_BUCHUNGSVORAUSSETZUNGEN_FAHRZEUGE_LIST ADD CONSTRAINT PUBLIC.FAHRZEUGE_BUCHUNGSVORAUSSETZUNGEN_LIST_BUCHUNGSVORAUSSETZUNGEN_FAHRZEUGE_LIST_PK PRIMARY KEY(BUCHUNGSVORAUSSETZUNGEN_LIST_ID, FAHRZEUGE_LIST_ID);       
-- 6 +/- SELECT COUNT(*) FROM PUBLIC.FAHRZEUGE_BUCHUNGSVORAUSSETZUNGEN_LIST_BUCHUNGSVORAUSSETZUNGEN_FAHRZEUGE_LIST;            
INSERT INTO PUBLIC.FAHRZEUGE_BUCHUNGSVORAUSSETZUNGEN_LIST_BUCHUNGSVORAUSSETZUNGEN_FAHRZEUGE_LIST(BUCHUNGSVORAUSSETZUNGEN_LIST_ID, FAHRZEUGE_LIST_ID) VALUES
('402882853d6bd2c5013d6bd897b8001c', '402882853d6bd2c5013d6bd2c6ac0005'),
('402882853d6bd2c5013d6bd896d90011', '402882853d6bd2c5013d6bd2c5ca0000'),
('402882853d6bd2c5013d6bd898100021', '402882853d6bd2c5013d6bd2c5ca0000'),
('402882853d6bd2c5013d6bd898100021', '402882853d6bd2c5013d6bd2c6780002'),
('402882853d6bd2c5013d6bd898100021', '402882853d6bd2c5013d6bd2c69e0004'),
('402882853d6bd2c5013d6bd898100021', '402882853d6bd2c5013d6bd2c6890003');        
CREATE INDEX PUBLIC.FAHRZEUGE_BUCHUNGSVORAUSSETZUNGEN_LIST_BUCHUNGSVORAUSSETZUNGEN_FAHRZEUGE_LIST_N50 ON PUBLIC.FAHRZEUGE_BUCHUNGSVORAUSSETZUNGEN_LIST_BUCHUNGSVORAUSSETZUNGEN_FAHRZEUGE_LIST(FAHRZEUGE_LIST_ID);              
CREATE INDEX PUBLIC.FAHRZEUGE_BUCHUNGSVORAUSSETZUNGEN_LIST_BUCHUNGSVORAUSSETZUNGEN_FAHRZEUGE_LIST_N49 ON PUBLIC.FAHRZEUGE_BUCHUNGSVORAUSSETZUNGEN_LIST_BUCHUNGSVORAUSSETZUNGEN_FAHRZEUGE_LIST(BUCHUNGSVORAUSSETZUNGEN_LIST_ID);
CREATE CACHED TABLE PUBLIC.FAHRER_BUCHUNGSVORAUSSETZUNGEN_LIST_BUCHUNGSVORAUSSETZUNGEN_FAHRER_LIST(
    BUCHUNGSVORAUSSETZUNGEN_LIST_ID VARCHAR(255) NOT NULL,
    FAHRER_LIST_ID VARCHAR(255) NOT NULL
);     
ALTER TABLE PUBLIC.FAHRER_BUCHUNGSVORAUSSETZUNGEN_LIST_BUCHUNGSVORAUSSETZUNGEN_FAHRER_LIST ADD CONSTRAINT PUBLIC.FAHRER_BUCHUNGSVORAUSSETZUNGEN_LIST_BUCHUNGSVORAUSSETZUNGEN_FAHRER_LIST_PK PRIMARY KEY(BUCHUNGSVORAUSSETZUNGEN_LIST_ID, FAHRER_LIST_ID);      
-- 22 +/- SELECT COUNT(*) FROM PUBLIC.FAHRER_BUCHUNGSVORAUSSETZUNGEN_LIST_BUCHUNGSVORAUSSETZUNGEN_FAHRER_LIST; 
INSERT INTO PUBLIC.FAHRER_BUCHUNGSVORAUSSETZUNGEN_LIST_BUCHUNGSVORAUSSETZUNGEN_FAHRER_LIST(BUCHUNGSVORAUSSETZUNGEN_LIST_ID, FAHRER_LIST_ID) VALUES
('402882853d6bd2c5013d6bd897300016', '402882853d6bd2c5013d6bd61dab0009'),
('402882853d6bd2c5013d6bd897300016', '402882853d6bd2c5013d6bd61dea000b'),
('402882853d6bd2c5013d6bd897300016', '402882853d6bd2c5013d6bd61d6a0007'),
('402882853d6bd2c5013d6bd897480017', '402882853d6bd2c5013d6bd61e08000c'),
('402882853d6bd2c5013d6bd896b1000f', '402882853d6bd2c5013d6bd61e08000c'),
('402882853d6bd2c5013d6bd8975b0018', '402882853d6bd2c5013d6bd61dea000b'),
('402882853d6bd2c5013d6bd8975b0018', '402882853d6bd2c5013d6bd61d6a0007'),
('402882853d6bd2c5013d6bd897670019', '402882853d6bd2c5013d6bd61dea000b'),
('402882853d6bd2c5013d6bd897670019', '402882853d6bd2c5013d6bd61d6a0007'),
('402882853d6bd2c5013d6bd898100021', '402882853d6bd2c5013d6bd61dca000a'),
('402882853d6bd2c5013d6bd898100021', '402882853d6bd2c5013d6bd61e35000e'),
('402882853d6bd2c5013d6bd898100021', '402882853d6bd2c5013d6bd61dea000b'),
('402882853d6bd2c5013d6bd898100021', '402882853d6bd2c5013d6bd61d6a0007'),
('402882853d6bd2c5013d6bd898100021', '402882853d6bd2c5013d6bd61dab0009'),
('402882853d6bd2c5013d6bd896d90011', '402882853d6bd2c5013d6bd61e08000c'),
('402882853d6bd2c5013d6bd896d90011', '402882853d6bd2c5013d6bd61dab0009'),
('402882853d6bd2c5013d6bd896d90011', '402882853d6bd2c5013d6bd61dea000b'),
('402882853d6bd2c5013d6bd897d1001d', '402882853d6bd2c5013d6bd61dea000b'),
('402882853d6bd2c5013d6bd897b8001c', '402882853d6bd2c5013d6bd61dea000b'),
('402882853d6bd2c5013d6bd896b1000f', '402882853d6bd2c5013d6bd61dab0009'),
('402882853d6bd2c5013d6bd897480017', '402882853d6bd2c5013d6bd61dab0009'),
('402882853d6bd2c5013d6bd897b8001c', '402882853d6bd2c5013d6bd61dab0009'); 
CREATE INDEX PUBLIC.FAHRER_BUCHUNGSVORAUSSETZUNGEN_LIST_BUCHUNGSVORAUSSETZUNGEN_FAHRER_LIST_N49 ON PUBLIC.FAHRER_BUCHUNGSVORAUSSETZUNGEN_LIST_BUCHUNGSVORAUSSETZUNGEN_FAHRER_LIST(BUCHUNGSVORAUSSETZUNGEN_LIST_ID);            
CREATE INDEX PUBLIC.FAHRER_BUCHUNGSVORAUSSETZUNGEN_LIST_BUCHUNGSVORAUSSETZUNGEN_FAHRER_LIST_N50 ON PUBLIC.FAHRER_BUCHUNGSVORAUSSETZUNGEN_LIST_BUCHUNGSVORAUSSETZUNGEN_FAHRER_LIST(FAHRER_LIST_ID);             
CREATE CACHED TABLE PUBLIC.FIRMA__TEAM_LIST(
    FIRMA__TEAM_LIST VARCHAR(255) NOT NULL,
    TEAM VARCHAR(255) NOT NULL
);     
ALTER TABLE PUBLIC.FIRMA__TEAM_LIST ADD CONSTRAINT PUBLIC.FIRMA__TEAM_LIST_PK PRIMARY KEY(FIRMA__TEAM_LIST, TEAM);             
-- 0 +/- SELECT COUNT(*) FROM PUBLIC.FIRMA__TEAM_LIST;         
CREATE INDEX PUBLIC.FIRMA__TEAM_LIST_N49 ON PUBLIC.FIRMA__TEAM_LIST(FIRMA__TEAM_LIST);         
CREATE INDEX PUBLIC.FIRMA__TEAM_LIST_N50 ON PUBLIC.FIRMA__TEAM_LIST(TEAM);     
CREATE CACHED TABLE PUBLIC.BUCHUNGSVORAUSSETZUNGEN__TEAM_LIST(
    BUCHUNGSVORAUSSETZUNGEN__TEAM_LIST VARCHAR(255) NOT NULL,
    TEAM VARCHAR(255) NOT NULL
); 
ALTER TABLE PUBLIC.BUCHUNGSVORAUSSETZUNGEN__TEAM_LIST ADD CONSTRAINT PUBLIC.BUCHUNGSVORAUSSETZUNGEN__TEAM_LIST_PK PRIMARY KEY(BUCHUNGSVORAUSSETZUNGEN__TEAM_LIST, TEAM);       
-- 0 +/- SELECT COUNT(*) FROM PUBLIC.BUCHUNGSVORAUSSETZUNGEN__TEAM_LIST;       
CREATE INDEX PUBLIC.BUCHUNGSVORAUSSETZUNGEN__TEAM_LIST_N49 ON PUBLIC.BUCHUNGSVORAUSSETZUNGEN__TEAM_LIST(BUCHUNGSVORAUSSETZUNGEN__TEAM_LIST);   
CREATE INDEX PUBLIC.BUCHUNGSVORAUSSETZUNGEN__TEAM_LIST_N50 ON PUBLIC.BUCHUNGSVORAUSSETZUNGEN__TEAM_LIST(TEAM); 
CREATE CACHED TABLE PUBLIC.BUCHUNGEN__TEAM_LIST(
    BUCHUNGEN__TEAM_LIST VARCHAR(255) NOT NULL,
    TEAM VARCHAR(255) NOT NULL
);             
ALTER TABLE PUBLIC.BUCHUNGEN__TEAM_LIST ADD CONSTRAINT PUBLIC.BUCHUNGEN__TEAM_LIST_PK PRIMARY KEY(BUCHUNGEN__TEAM_LIST, TEAM); 
-- 0 +/- SELECT COUNT(*) FROM PUBLIC.BUCHUNGEN__TEAM_LIST;     
CREATE INDEX PUBLIC.BUCHUNGEN__TEAM_LIST_N49 ON PUBLIC.BUCHUNGEN__TEAM_LIST(BUCHUNGEN__TEAM_LIST);             
CREATE INDEX PUBLIC.BUCHUNGEN__TEAM_LIST_N50 ON PUBLIC.BUCHUNGEN__TEAM_LIST(TEAM);             
CREATE CACHED TABLE PUBLIC.FAHRZEUGE__TEAM_LIST(
    FAHRZEUGE__TEAM_LIST VARCHAR(255) NOT NULL,
    TEAM VARCHAR(255) NOT NULL
);             
ALTER TABLE PUBLIC.FAHRZEUGE__TEAM_LIST ADD CONSTRAINT PUBLIC.FAHRZEUGE__TEAM_LIST_PK PRIMARY KEY(FAHRZEUGE__TEAM_LIST, TEAM); 
-- 0 +/- SELECT COUNT(*) FROM PUBLIC.FAHRZEUGE__TEAM_LIST;     
CREATE INDEX PUBLIC.FAHRZEUGE__TEAM_LIST_N49 ON PUBLIC.FAHRZEUGE__TEAM_LIST(FAHRZEUGE__TEAM_LIST);             
CREATE INDEX PUBLIC.FAHRZEUGE__TEAM_LIST_N50 ON PUBLIC.FAHRZEUGE__TEAM_LIST(TEAM);             
CREATE CACHED TABLE PUBLIC.TEAMINTERN_USERCREATE(
    TEAMID_OID VARCHAR(255) NOT NULL,
    ELEMENT VARCHAR(255),
    IDX INTEGER NOT NULL
);  
ALTER TABLE PUBLIC.TEAMINTERN_USERCREATE ADD CONSTRAINT PUBLIC.TEAMINTERN_USERCREATE_PK PRIMARY KEY(TEAMID_OID, IDX);          
-- 0 +/- SELECT COUNT(*) FROM PUBLIC.TEAMINTERN_USERCREATE;    
CREATE INDEX PUBLIC.TEAMINTERN_USERCREATE_N49 ON PUBLIC.TEAMINTERN_USERCREATE(TEAMID_OID);     
CREATE CACHED TABLE PUBLIC.TEAMINTERN_USERREAD(
    TEAMID_OID VARCHAR(255) NOT NULL,
    ELEMENT VARCHAR(255),
    IDX INTEGER NOT NULL
);    
ALTER TABLE PUBLIC.TEAMINTERN_USERREAD ADD CONSTRAINT PUBLIC.TEAMINTERN_USERREAD_PK PRIMARY KEY(TEAMID_OID, IDX);              
-- 2 +/- SELECT COUNT(*) FROM PUBLIC.TEAMINTERN_USERREAD;      
INSERT INTO PUBLIC.TEAMINTERN_USERREAD(TEAMID_OID, ELEMENT, IDX) VALUES
('root.cccc', 'kpmaster', 0),
('root.cccc', 'guest', 1);               
CREATE INDEX PUBLIC.TEAMINTERN_USERREAD_N49 ON PUBLIC.TEAMINTERN_USERREAD(TEAMID_OID);         
CREATE CACHED TABLE PUBLIC.TEAMINTERN_USERMANAGE(
    TEAMID_OID VARCHAR(255) NOT NULL,
    ELEMENT VARCHAR(255),
    IDX INTEGER NOT NULL
);  
ALTER TABLE PUBLIC.TEAMINTERN_USERMANAGE ADD CONSTRAINT PUBLIC.TEAMINTERN_USERMANAGE_PK PRIMARY KEY(TEAMID_OID, IDX);          
-- 1 +/- SELECT COUNT(*) FROM PUBLIC.TEAMINTERN_USERMANAGE;    
INSERT INTO PUBLIC.TEAMINTERN_USERMANAGE(TEAMID_OID, ELEMENT, IDX) VALUES
('root.cccc', 'kpmaster', 0);        
CREATE INDEX PUBLIC.TEAMINTERN_USERMANAGE_N49 ON PUBLIC.TEAMINTERN_USERMANAGE(TEAMID_OID);     
CREATE CACHED TABLE PUBLIC.TEAMINTERN_CHILDREN(
    TEAMINTERN_CHILDREN VARCHAR(255) NOT NULL,
    TEAMINTERN VARCHAR(255) NOT NULL
);         
ALTER TABLE PUBLIC.TEAMINTERN_CHILDREN ADD CONSTRAINT PUBLIC.TEAMINTERN_CHILDREN_PK PRIMARY KEY(TEAMINTERN_CHILDREN, TEAMINTERN);              
-- 1 +/- SELECT COUNT(*) FROM PUBLIC.TEAMINTERN_CHILDREN;      
INSERT INTO PUBLIC.TEAMINTERN_CHILDREN(TEAMINTERN_CHILDREN, TEAMINTERN) VALUES
('root', 'root.cccc');          
CREATE INDEX PUBLIC.TEAMINTERN_CHILDREN_N49 ON PUBLIC.TEAMINTERN_CHILDREN(TEAMINTERN_CHILDREN);
CREATE INDEX PUBLIC.TEAMINTERN_CHILDREN_N50 ON PUBLIC.TEAMINTERN_CHILDREN(TEAMINTERN);         
CREATE CACHED TABLE PUBLIC.TEAM(
    ID VARCHAR(255) NOT NULL,
    DESCRIPTION VARCHAR(255),
    DISABLED CHAR(1),
    TEAMID VARCHAR(255),
    VALID_FROM TIMESTAMP,
    VALID_TO TIMESTAMP,
    _TEAM_LIST_KFZPLAN_DATA_FAHRZEUGE VARCHAR(255),
    _TEAM_LIST_KFZPLAN_DATA_FIRMA VARCHAR(255),
    _TEAM_LIST_KFZPLAN_DATA_FAHRER VARCHAR(255),
    _TEAM_LIST_KFZPLAN_DATA_BUCHUNGSVORAUSSETZUNGEN VARCHAR(255),
    VALIDFROM TIMESTAMP,
    NAME VARCHAR(255),
    PROPERTY2 VARCHAR(255),
    TEAMINTERN_TEAMID_OID VARCHAR(255),
    PROPERTY1 VARCHAR(255),
    VALIDTO TIMESTAMP,
    PROPERTY3 VARCHAR(255)
);      
ALTER TABLE PUBLIC.TEAM ADD CONSTRAINT PUBLIC.TEAM_PK PRIMARY KEY(ID);         
-- 0 +/- SELECT COUNT(*) FROM PUBLIC.TEAM;     
CREATE INDEX PUBLIC.TEAM_N49 ON PUBLIC.TEAM(TEAMINTERN_TEAMID_OID);            
CREATE INDEX PUBLIC.INDEX_AID_TEAM_VALIDTO ON PUBLIC.TEAM(VALIDTO);            
CREATE INDEX PUBLIC.INDEX_AID_TEAM_PROPERTY3 ON PUBLIC.TEAM(PROPERTY3);        
CREATE INDEX PUBLIC.INDEX_AID_TEAM_VALIDFROM ON PUBLIC.TEAM(VALIDFROM);        
CREATE INDEX PUBLIC.INDEX_AID_TEAM_NAME ON PUBLIC.TEAM(NAME);  
CREATE INDEX PUBLIC.INDEX_AID_TEAM_PROPERTY2 ON PUBLIC.TEAM(PROPERTY2);        
CREATE INDEX PUBLIC.INDEX_AID_TEAM_PROPERTY1 ON PUBLIC.TEAM(PROPERTY1);        
CREATE INDEX PUBLIC.INDEX_AID_TEAM_DISABLED ON PUBLIC.TEAM(DISABLED);          
CREATE INDEX PUBLIC.INDEX_AID_TEAM_VALID_FROM ON PUBLIC.TEAM(VALID_FROM);      
CREATE INDEX PUBLIC.INDEX_AID_TEAM_DESCRIPTION ON PUBLIC.TEAM(DESCRIPTION);    
CREATE INDEX PUBLIC.INDEX_AID_TEAM_TEAMID ON PUBLIC.TEAM(TEAMID);              
CREATE INDEX PUBLIC.INDEX_AID_TEAM_VALID_TO ON PUBLIC.TEAM(VALID_TO);          
ALTER TABLE PUBLIC.TEAM ADD CONSTRAINT PUBLIC.CONSTRAINT_2 CHECK((DISABLED IN('Y', 'N'))
    OR (DISABLED IS NULL)) NOCHECK;   
ALTER TABLE PUBLIC.BUCHUNGEN__TEAM_LIST ADD CONSTRAINT PUBLIC.BUCHUNGEN__TEAM_LIST_FK2 FOREIGN KEY(TEAM) REFERENCES PUBLIC.TEAM(ID) NOCHECK;   
ALTER TABLE PUBLIC.BUCHUNGEN__TEAM_LIST ADD CONSTRAINT PUBLIC.BUCHUNGEN__TEAM_LIST_FK1 FOREIGN KEY(BUCHUNGEN__TEAM_LIST) REFERENCES PUBLIC.BUCHUNGEN(ID) NOCHECK;              
ALTER TABLE PUBLIC.TEAMINTERN_USERCREATE ADD CONSTRAINT PUBLIC.TEAMINTERN_USERCREATE_FK1 FOREIGN KEY(TEAMID_OID) REFERENCES PUBLIC.TEAMINTERN(TEAMID) NOCHECK; 
ALTER TABLE PUBLIC.TEAM ADD CONSTRAINT PUBLIC.TEAM_FK5A FOREIGN KEY(TEAMINTERN_TEAMID_OID) REFERENCES PUBLIC.TEAMINTERN(TEAMID) NOCHECK;       
ALTER TABLE PUBLIC.TEAM ADD CONSTRAINT PUBLIC.TEAM_FK59 FOREIGN KEY(_TEAM_LIST_KFZPLAN_DATA_FAHRZEUGE) REFERENCES PUBLIC.FAHRZEUGE(ID) NOCHECK;
ALTER TABLE PUBLIC.TEAM ADD CONSTRAINT PUBLIC.TEAM_FK58 FOREIGN KEY(_TEAM_LIST_KFZPLAN_DATA_FIRMA) REFERENCES PUBLIC.FIRMA(ID) NOCHECK;        
ALTER TABLE PUBLIC.TEAM ADD CONSTRAINT PUBLIC.TEAM_FK57 FOREIGN KEY(_TEAM_LIST_KFZPLAN_DATA_BUCHUNGSVORAUSSETZUNGEN) REFERENCES PUBLIC.BUCHUNGSVORAUSSETZUNGEN(ID) NOCHECK;    
ALTER TABLE PUBLIC.TEAM ADD CONSTRAINT PUBLIC.TEAM_FK56 FOREIGN KEY(_TEAM_LIST_KFZPLAN_DATA_FAHRER) REFERENCES PUBLIC.FAHRER(ID) NOCHECK;      
ALTER TABLE PUBLIC.TEAM ADD CONSTRAINT PUBLIC.TEAM_FK51 FOREIGN KEY(_TEAM_LIST_KFZPLAN_DATA_FIRMA) REFERENCES PUBLIC.FIRMA(ID) NOCHECK;        
ALTER TABLE PUBLIC.TEAM ADD CONSTRAINT PUBLIC.TEAM_FK50 FOREIGN KEY(_TEAM_LIST_KFZPLAN_DATA_FAHRER) REFERENCES PUBLIC.FAHRER(ID) NOCHECK;      
ALTER TABLE PUBLIC.FAHRZEUGE_BUCHUNGSVORAUSSETZUNGEN_LIST_BUCHUNGSVORAUSSETZUNGEN_FAHRZEUGE_LIST ADD CONSTRAINT PUBLIC.FAHRZEUGE_BUCHUNGSVORAUSSETZUNGEN_LIST_BUCHUNGSVORAUSSETZUNGEN_FAHRZEUGE_LIST_FK2 FOREIGN KEY(FAHRZEUGE_LIST_ID) REFERENCES PUBLIC.FAHRZEUGE(ID) NOCHECK;               
ALTER TABLE PUBLIC.TEAM ADD CONSTRAINT PUBLIC.TEAM_FK55 FOREIGN KEY(_TEAM_LIST_KFZPLAN_DATA_BUCHUNGSVORAUSSETZUNGEN) REFERENCES PUBLIC.BUCHUNGSVORAUSSETZUNGEN(ID) NOCHECK;    
ALTER TABLE PUBLIC.FAHRZEUGE_BUCHUNGSVORAUSSETZUNGEN_LIST_BUCHUNGSVORAUSSETZUNGEN_FAHRZEUGE_LIST ADD CONSTRAINT PUBLIC.FAHRZEUGE_BUCHUNGSVORAUSSETZUNGEN_LIST_BUCHUNGSVORAUSSETZUNGEN_FAHRZEUGE_LIST_FK1 FOREIGN KEY(BUCHUNGSVORAUSSETZUNGEN_LIST_ID) REFERENCES PUBLIC.BUCHUNGSVORAUSSETZUNGEN(ID) NOCHECK;   
ALTER TABLE PUBLIC.TEAM ADD CONSTRAINT PUBLIC.TEAM_FK54 FOREIGN KEY(_TEAM_LIST_KFZPLAN_DATA_FIRMA) REFERENCES PUBLIC.FIRMA(ID) NOCHECK;        
ALTER TABLE PUBLIC.TEAM ADD CONSTRAINT PUBLIC.TEAM_FK53 FOREIGN KEY(_TEAM_LIST_KFZPLAN_DATA_FAHRZEUGE) REFERENCES PUBLIC.FAHRZEUGE(ID) NOCHECK;
ALTER TABLE PUBLIC.TEAM ADD CONSTRAINT PUBLIC.TEAM_FK52 FOREIGN KEY(_TEAM_LIST_KFZPLAN_DATA_FAHRER) REFERENCES PUBLIC.FAHRER(ID) NOCHECK;      
ALTER TABLE PUBLIC.TEAMINTERN_USERMANAGE ADD CONSTRAINT PUBLIC.TEAMINTERN_USERMANAGE_FK1 FOREIGN KEY(TEAMID_OID) REFERENCES PUBLIC.TEAMINTERN(TEAMID) NOCHECK; 
ALTER TABLE PUBLIC.FAHRZEUGE__TEAM_LIST ADD CONSTRAINT PUBLIC.FAHRZEUGE__TEAM_LIST_FK2 FOREIGN KEY(TEAM) REFERENCES PUBLIC.TEAM(ID) NOCHECK;   
ALTER TABLE PUBLIC.FAHRZEUGE__TEAM_LIST ADD CONSTRAINT PUBLIC.FAHRZEUGE__TEAM_LIST_FK1 FOREIGN KEY(FAHRZEUGE__TEAM_LIST) REFERENCES PUBLIC.FAHRZEUGE(ID) NOCHECK;              
ALTER TABLE PUBLIC.FIRMA__TEAM_LIST ADD CONSTRAINT PUBLIC.FIRMA__TEAM_LIST_FK1 FOREIGN KEY(FIRMA__TEAM_LIST) REFERENCES PUBLIC.FIRMA(ID) NOCHECK;              
ALTER TABLE PUBLIC.FIRMA__TEAM_LIST ADD CONSTRAINT PUBLIC.FIRMA__TEAM_LIST_FK2 FOREIGN KEY(TEAM) REFERENCES PUBLIC.TEAM(ID) NOCHECK;           
ALTER TABLE PUBLIC.FAHRER ADD CONSTRAINT PUBLIC.FAHRER_FK1 FOREIGN KEY(FIRMA_ID_OID) REFERENCES PUBLIC.FIRMA(ID) NOCHECK;      
ALTER TABLE PUBLIC.FAHRER_BUCHUNGSVORAUSSETZUNGEN_LIST_BUCHUNGSVORAUSSETZUNGEN_FAHRER_LIST ADD CONSTRAINT PUBLIC.FAHRER_BUCHUNGSVORAUSSETZUNGEN_LIST_BUCHUNGSVORAUSSETZUNGEN_FAHRER_LIST_FK1 FOREIGN KEY(BUCHUNGSVORAUSSETZUNGEN_LIST_ID) REFERENCES PUBLIC.BUCHUNGSVORAUSSETZUNGEN(ID) NOCHECK;               
ALTER TABLE PUBLIC.FAHRER_BUCHUNGSVORAUSSETZUNGEN_LIST_BUCHUNGSVORAUSSETZUNGEN_FAHRER_LIST ADD CONSTRAINT PUBLIC.FAHRER_BUCHUNGSVORAUSSETZUNGEN_LIST_BUCHUNGSVORAUSSETZUNGEN_FAHRER_LIST_FK2 FOREIGN KEY(FAHRER_LIST_ID) REFERENCES PUBLIC.FAHRER(ID) NOCHECK; 
ALTER TABLE PUBLIC.BUCHUNGSVORAUSSETZUNGEN__TEAM_LIST ADD CONSTRAINT PUBLIC.BUCHUNGSVORAUSSETZUNGEN__TEAM_LIST_FK1 FOREIGN KEY(BUCHUNGSVORAUSSETZUNGEN__TEAM_LIST) REFERENCES PUBLIC.BUCHUNGSVORAUSSETZUNGEN(ID) NOCHECK;      
ALTER TABLE PUBLIC.BUCHUNGSVORAUSSETZUNGEN__TEAM_LIST ADD CONSTRAINT PUBLIC.BUCHUNGSVORAUSSETZUNGEN__TEAM_LIST_FK2 FOREIGN KEY(TEAM) REFERENCES PUBLIC.TEAM(ID) NOCHECK;       
ALTER TABLE PUBLIC.FAHRER__TEAM_LIST ADD CONSTRAINT PUBLIC.FAHRER__TEAM_LIST_FK1 FOREIGN KEY(FAHRER__TEAM_LIST) REFERENCES PUBLIC.FAHRER(ID) NOCHECK;          
ALTER TABLE PUBLIC.FAHRER__TEAM_LIST ADD CONSTRAINT PUBLIC.FAHRER__TEAM_LIST_FK2 FOREIGN KEY(TEAM) REFERENCES PUBLIC.TEAM(ID) NOCHECK;         
ALTER TABLE PUBLIC.TEAMINTERN ADD CONSTRAINT PUBLIC.TEAMINTERN_FK1 FOREIGN KEY(CHILDREN_AID_TEAMINTERN) REFERENCES PUBLIC.TEAMINTERN(TEAMID) NOCHECK;          
ALTER TABLE PUBLIC.TEAMINTERN_CHILDREN ADD CONSTRAINT PUBLIC.TEAMINTERN_CHILDREN_FK1 FOREIGN KEY(TEAMINTERN_CHILDREN) REFERENCES PUBLIC.TEAMINTERN(TEAMID) NOCHECK;            
ALTER TABLE PUBLIC.TEAM ADD CONSTRAINT PUBLIC.TEAM_FK4F FOREIGN KEY(_TEAM_LIST_KFZPLAN_DATA_FAHRZEUGE) REFERENCES PUBLIC.FAHRZEUGE(ID) NOCHECK;
ALTER TABLE PUBLIC.TEAMINTERN_CHILDREN ADD CONSTRAINT PUBLIC.TEAMINTERN_CHILDREN_FK2 FOREIGN KEY(TEAMINTERN) REFERENCES PUBLIC.TEAMINTERN(TEAMID) NOCHECK;     
ALTER TABLE PUBLIC.TEAM ADD CONSTRAINT PUBLIC.TEAM_FK4E FOREIGN KEY(_TEAM_LIST_KFZPLAN_DATA_BUCHUNGSVORAUSSETZUNGEN) REFERENCES PUBLIC.BUCHUNGSVORAUSSETZUNGEN(ID) NOCHECK;    
ALTER TABLE PUBLIC.BUCHUNGEN ADD CONSTRAINT PUBLIC.BUCHUNGEN_FK1 FOREIGN KEY(FAHRER_ID_OID) REFERENCES PUBLIC.FAHRER(ID) NOCHECK;              
ALTER TABLE PUBLIC.BUCHUNGEN ADD CONSTRAINT PUBLIC.BUCHUNGEN_FK2 FOREIGN KEY(FAHRZEUGE_ID_OID) REFERENCES PUBLIC.FAHRZEUGE(ID) NOCHECK;        
ALTER TABLE PUBLIC.TEAM ADD CONSTRAINT PUBLIC.TEAM_FK4 FOREIGN KEY(_TEAM_LIST_KFZPLAN_DATA_FIRMA) REFERENCES PUBLIC.FIRMA(ID) NOCHECK;         
ALTER TABLE PUBLIC.TEAM ADD CONSTRAINT PUBLIC.TEAM_FK3 FOREIGN KEY(_TEAM_LIST_KFZPLAN_DATA_FAHRZEUGE) REFERENCES PUBLIC.FAHRZEUGE(ID) NOCHECK; 
ALTER TABLE PUBLIC.TEAM ADD CONSTRAINT PUBLIC.TEAM_FK6 FOREIGN KEY(_TEAM_LIST_KFZPLAN_DATA_BUCHUNGSVORAUSSETZUNGEN) REFERENCES PUBLIC.BUCHUNGSVORAUSSETZUNGEN(ID) NOCHECK;     
ALTER TABLE PUBLIC.TEAM ADD CONSTRAINT PUBLIC.TEAM_FK5 FOREIGN KEY(_TEAM_LIST_KFZPLAN_DATA_FAHRER) REFERENCES PUBLIC.FAHRER(ID) NOCHECK;       
ALTER TABLE PUBLIC.TEAM ADD CONSTRAINT PUBLIC.TEAM_FK4D FOREIGN KEY(_TEAM_LIST_KFZPLAN_DATA_BUCHUNGSVORAUSSETZUNGEN) REFERENCES PUBLIC.BUCHUNGSVORAUSSETZUNGEN(ID) NOCHECK;    
ALTER TABLE PUBLIC.TEAM ADD CONSTRAINT PUBLIC.TEAM_FK4C FOREIGN KEY(_TEAM_LIST_KFZPLAN_DATA_FAHRER) REFERENCES PUBLIC.FAHRER(ID) NOCHECK;      
ALTER TABLE PUBLIC.TEAM ADD CONSTRAINT PUBLIC.TEAM_FK2 FOREIGN KEY(_TEAM_LIST_KFZPLAN_DATA_BUCHUNGSVORAUSSETZUNGEN) REFERENCES PUBLIC.BUCHUNGSVORAUSSETZUNGEN(ID) NOCHECK;     
ALTER TABLE PUBLIC.TEAM ADD CONSTRAINT PUBLIC.TEAM_FK4B FOREIGN KEY(_TEAM_LIST_KFZPLAN_DATA_FAHRZEUGE) REFERENCES PUBLIC.FAHRZEUGE(ID) NOCHECK;
ALTER TABLE PUBLIC.TEAM ADD CONSTRAINT PUBLIC.TEAM_FK1 FOREIGN KEY(_TEAM_LIST_KFZPLAN_DATA_FAHRER) REFERENCES PUBLIC.FAHRER(ID) NOCHECK;       
ALTER TABLE PUBLIC.TEAM ADD CONSTRAINT PUBLIC.TEAM_FK8 FOREIGN KEY(_TEAM_LIST_KFZPLAN_DATA_FAHRZEUGE) REFERENCES PUBLIC.FAHRZEUGE(ID) NOCHECK; 
ALTER TABLE PUBLIC.TEAM ADD CONSTRAINT PUBLIC.TEAM_FK7 FOREIGN KEY(_TEAM_LIST_KFZPLAN_DATA_FIRMA) REFERENCES PUBLIC.FIRMA(ID) NOCHECK;         
ALTER TABLE PUBLIC.TEAM ADD CONSTRAINT PUBLIC.TEAM_FK9 FOREIGN KEY(_TEAM_LIST_KFZPLAN_DATA_FIRMA) REFERENCES PUBLIC.FIRMA(ID) NOCHECK;         
ALTER TABLE PUBLIC.TEAMINTERN_USERREAD ADD CONSTRAINT PUBLIC.TEAMINTERN_USERREAD_FK1 FOREIGN KEY(TEAMID_OID) REFERENCES PUBLIC.TEAMINTERN(TEAMID) NOCHECK;     
